club_name,club_name_roi,seasonal_advertising_equivalent_low_eur,seasonal_advertising_equivalent_base_eur,seasonal_advertising_equivalent_high_eur,tv_matches_available,tv_match_coverage_pct,tv_audience_sum,tv_aev_base_eur,predicted_sponsorship_eur_m,predicted_sponsorship_eur,total_media_value_base_eur,social_roi_proxy_pct,total_roi_absolute_proxy_eur,total_roi_proxy_pct,social_media_value_eur_m,tv_media_value_eur_m,total_media_value_eur_m,total_roi_absolute_proxy_eur_m,league_final,absolute_roi_eur_m,social_roi_pct,total_roi_pct,media_cost_coverage_pct,tv_methodology,tv_audience_fully_observed,pre_tv_ready,live_uk_tv_matches,tv_audience_proxy_avg_per_match,tv_audience_proxy_sum,tv_cpm_low_eur,tv_aev_low_eur,tv_cpm_base_eur,tv_cpm_high_eur,tv_aev_high_eur,total_media_value_low_eur,total_media_value_high_eur,total_roi_absolute_proxy_low_eur,total_roi_absolute_proxy_base_eur,total_roi_absolute_proxy_high_eur,total_roi_proxy_low_pct,total_roi_proxy_base_pct,total_roi_proxy_high_pct,total_media_cost_coverage_low_pct,total_media_cost_coverage_base_pct,total_media_cost_coverage_high_pct,absolute_roi_proxy_eur_m,tv_matches,tv_audience_source,tv_audience_metric,tv_audience_is_proxy,tv_broadcasters,stadium_capacity,total_attendance,average_attendance,attendance_utilization,tv_attendance_weight,tv_audience_proxy_avg_low_per_match,tv_audience_proxy_sum_low,tv_audience_proxy_avg_base_per_match,tv_audience_proxy_sum_base,tv_audience_proxy_avg_high_per_match,tv_audience_proxy_sum_high,tv_audience_is_observed,tv_proxy_method,tv_proxy_baseline_avg_viewers,tv_proxy_attendance_benchmark,tv_proxy_anchor_season,tv_target_season
Atalanta,Atalanta,482596.416,727110.6240000001,1203275.04,36.0,94.74,18829439.0,301271.024,82.6,82600000.0,1028381.648,-99.11972079418886,-81571618.352,-98.75498589830508,0.727110624,0.301271024,1.028381648,-81.571618352,Serie A,-81.57161835199999,-99.11972079418886,-98.75498589830508,1.2450141016949154,Auditel club-level / match-level observed audience,True,,,,,,,,,,,,,,,,,,,,,,,,,,,,,,,,,,,,,,,,,,,
Bologna,Bologna,345459.264,520164.596,861672.46,36.0,94.74,11578879.0,185262.064,51.77,51770000.0,705426.66,-98.9952393355225,-51064573.34,-98.63738331079776,0.520164596,0.185262064,0.70542666,-51.06457334,Serie A,-51.06457334,-98.9952393355225,-98.63738331079776,1.3626166892022407,Auditel club-level / match-level observed audience,True,,,,,,,,,,,,,,,,,,,,,,,,,,,,,,,,,,,,,,,,,,,
Cagliari,Cagliari,223139.648,336104.072,556454.52,37.0,97.37,13687751.0,219004.016,64.45,64450000.0,555108.088,-99.47850415515904,-63894891.912,-99.13869963072148,0.336104072,0.219004016,0.555108088,-63.894891912,Serie A,-63.894891912000006,-99.47850415515904,-99.13869963072149,0.8613003692785105,Auditel club-level / match-level observed audience,True,,,,,,,,,,,,,,,,,,,,,,,,,,,,,,,,,,,,,,,,,,,
Como,Como,290294.312,443535.46800000005,717641.78,36.0,94.74,11904636.0,190474.176,25.94,25940000.0,634009.6440000001,-98.29014854279109,-25305990.356,-97.55586104857362,0.443535468,0.190474176,0.634009644,-25.305990356,Serie A,-25.305990356000002,-98.29014854279109,-97.55586104857363,2.4441389514263685,Auditel club-level / match-level observed audience,True,,,,,,,,,,,,,,,,,,,,,,,,,,,,,,,,,,,,,,,,,,,
Empoli,Empoli,84958.42399999998,127692.236,212141.45999999996,37.0,97.37,11449412.0,183190.592,33.46342086791992,33463420.86791992,310882.828,-99.6184124853702,-33152538.03991992,-99.07097714478428,0.127692236,0.183190592,0.310882828,-33.15253803991992,Serie A,-33.152538039919925,-99.6184124853702,-99.0709771447843,0.9290228552157118,Auditel club-level / match-level observed audience,True,,,,,,,,,,,,,,,,,,,,,,,,,,,,,,,,,,,,,,,,,,,
Fiorentina,Fiorentina,889487.8,1336931.7,2221019.5,37.0,97.37,15587237.0,249395.792,43.54,43540000.0,1586327.492,-96.92941731740927,-41953672.508,-96.3566203674782,1.3369317,0.2493957919999999,1.586327492,-41.953672508,Serie A,-41.953672508,-96.92941731740927,-96.35662036747817,3.643379632521819,Auditel club-level / match-level observed audience,True,,,,,,,,,,,,,,,,,,,,,,,,,,,,,,,,,,,,,,,,,,,
Genoa,Genoa,211810.328,318788.992,528452.32,37.0,97.37,12874879.0,205998.064,42.79,42790000.0,524787.0560000001,-99.25499183921475,-42265212.944,-98.77357547090442,0.318788992,0.205998064,0.5247870560000001,-42.265212944,Serie A,-42.265212944,-99.25499183921475,-98.77357547090442,1.2264245290955833,Auditel club-level / match-level observed audience,True,,,,,,,,,,,,,,,,,,,,,,,,,,,,,,,,,,,,,,,,,,,
Inter,Inter,11701190.752,17658051.128000002,29146711.88,36.0,94.74,34019712.0,544315.392,107.45,107450000.0,18202366.520000003,-83.56626232852489,-89247633.47999999,-83.05968681247091,17.658051128000004,0.544315392,18.20236652,-89.24763347999999,Serie A,-89.24763348,-83.56626232852489,-83.05968681247093,16.940313187529085,Auditel club-level / match-level observed audience,True,,,,,,,,,,,,,,,,,,,,,,,,,,,,,,,,,,,,,,,,,,,
Juventus,Juventus,24020253.696,36339980.544,59741034.239999995,36.0,94.74,36087290.0,577396.64,115.08,115080000.0,36917377.184,-68.42198423357664,-78162622.816,-67.92024923183872,36.339980544,0.57739664,36.917377184,-78.162622816,Serie A,-78.162622816,-68.42198423357664,-67.92024923183871,32.07975076816128,Auditel club-level / match-level observed audience,True,,,,,,,,,,,,,,,,,,,,,,,,,,,,,,,,,,,,,,,,,,,
Lazio,Lazio,544742.2,820488.2999999999,1358480.4999999998,37.0,97.37,18441530.0,295064.48,35.51,35510000.0,1115552.7799999998,-97.68941622078287,-34394447.22,-96.8584827372571,0.8204883,0.2950644799999999,1.1155527799999998,-34.394447219999996,Serie A,-34.394447219999996,-97.68941622078287,-96.8584827372571,3.141517262742889,Auditel club-level / match-level observed audience,True,,,,,,,,,,,,,,,,,,,,,,,,,,,,,,,,,,,,,,,,,,,
Lecce,Lecce,71273.10399999999,107264.956,177827.46,37.0,97.37,10728614.0,171657.824,45.41,45410000.0,278922.78,-99.76378560669455,-45131077.22,-99.38576793657784,0.107264956,0.171657824,0.27892278,-45.13107722,Serie A,-45.131077219999995,-99.76378560669455,-99.38576793657784,0.6142320634221538,Auditel club-level / match-level observed audience,True,,,,,,,,,,,,,,,,,,,,,,,,,,,,,,,,,,,,,,,,,,,
Milan,Milan,10898546.88,16400380.319999998,27193807.200000003,36.0,94.74,31161079.0,498577.264,96.56,96560000.0,16898957.584,-83.01534763877383,-79661042.41600001,-82.49900830157416,16.40038032,0.498577264,16.898957583999998,-79.66104241600002,Serie A,-79.661042416,-83.01534763877383,-82.49900830157415,17.500991698425846,Auditel club-level / match-level observed audience,True,,,,,,,,,,,,,,,,,,,,,,,,,,,,,,,,,,,,,,,,,,,
Monza,Monza,70672.704,106343.456,176347.36000000002,37.0,97.37,11150469.0,178407.504,34.18928527832031,34189285.27832031,284750.95999999996,-99.6889567736374,-33904534.31832031,-99.16713392022686,0.106343456,0.178407504,0.2847509599999999,-33.90453431832031,Serie A,-33.904534318320316,-99.6889567736374,-99.16713392022687,0.8328660797731348,Auditel club-level / match-level observed audience,True,,,,,,,,,,,,,,,,,,,,,,,,,,,,,,,,,,,,,,,,,,,
Napoli,Napoli,1985758.4,2985078.600000001,4957955.0,37.0,97.37,34349306.0,549588.896,70.77,70770000.0,3534667.496000001,-95.782,-67235332.504,-95.00541543591916,2.985078600000001,0.5495888959999999,3.5346674960000013,-67.235332504,Serie A,-67.235332504,-95.782,-95.00541543591919,4.994584564080827,Auditel club-level / match-level observed audience,True,,,,,,,,,,,,,,,,,,,,,,,,,,,,,,,,,,,,,,,,,,,
Parma,Parma,183875.768,276469.152,459033.92,37.0,97.37,10181361.0,162901.776,29.48,29480000.0,439370.928,-99.06218062415198,-29040629.072,-98.5095965807327,0.276469152,0.162901776,0.439370928,-29.040629072,Serie A,-29.040629072,-99.06218062415198,-98.5095965807327,1.4904034192672997,Auditel club-level / match-level observed audience,True,,,,,,,,,,,,,,,,,,,,,,,,,,,,,,,,,,,,,,,,,,,
Roma,Roma,4623077.6,7055366.3999999985,11436944.0,37.0,97.37,25036201.0,400579.216,54.8,54800000.0,7455945.6159999985,-87.12524379562045,-47344054.384,-86.39425982481752,7.055366399999999,0.400579216,7.455945615999998,-47.344054384,Serie A,-47.344054383999996,-87.12524379562045,-86.39425982481752,13.60574017518248,Auditel club-level / match-level observed audience,True,,,,,,,,,,,,,,,,,,,,,,,,,,,,,,,,,,,,,,,,,,,
Torino,Torino,225803.6,339701.0,563513.4,37.0,97.37,12962079.0,207393.264,14.94,14940000.0,547094.264,-97.72623159303885,-14392905.736,-96.33805713520748,0.339701,0.207393264,0.5470942639999999,-14.392905736,Serie A,-14.392905736,-97.72623159303885,-96.3380571352075,3.6619428647925027,Auditel club-level / match-level observed audience,True,,,,,,,,,,,,,,,,,,,,,,,,,,,,,,,,,,,,,,,,,,,
Udinese,Udinese,179344.80000000002,269028.37200000003,448350.828,37.0,97.37,12150711.0,194411.376,24.76,24760000.0,463439.748,-98.91345568659126,-24296560.252,-98.12827242326333,0.269028372,0.194411376,0.463439748,-24.296560252,Serie A,-24.296560252000003,-98.91345568659126,-98.12827242326333,1.8717275767366717,Auditel club-level / match-level observed audience,True,,,,,,,,,,,,,,,,,,,,,,,,,,,,,,,,,,,,,,,,,,,
Venezia,Venezia,102763.704,154542.65600000002,256512.16000000003,37.0,97.37,10957350.0,175317.6,36.27116775512695,36271167.75512695,329860.25600000005,-99.5739242335859,-35941307.499126956,-99.09057172289864,0.154542656,0.1753176,0.3298602560000001,-35.94130749912696,Serie A,-35.94130749912695,-99.5739242335859,-99.09057172289862,0.9094282771013737,Auditel club-level / match-level observed audience,True,,,,,,,,,,,,,,,,,,,,,,,,,,,,,,,,,,,,,,,,,,,
Verona,Verona,140452.56,211262.14,350548.10000000003,37.0,97.37,10102881.0,161646.096,30.71,30710000.0,372908.236,-99.31207378704003,-30337091.764,-98.78571072614784,0.21126214,0.161646096,0.372908236,-30.337091764,Serie A,-30.337091764,-99.31207378704003,-98.78571072614784,1.2142892738521653,Auditel club-level / match-level observed audience,True,,,,,,,,,,,,,,,,,,,,,,,,,,,,,,,,,,,,,,,,,,,
Arsenal,Arsenal,21631366.016000003,32581729.024000004,53943735.04,,,,432912.0,115.59,115590000.0,33014641.024000004,-71.81267495112034,,,32.581729024000005,0.432912,33.01464102400001,,Premier League,-82.57535897599999,-71.81267495112034,-71.4381512033913,28.561848796608707,UK live-TV schedule + BARB linear audience proxy,False,True,29.0,933000.0,27057000.0,14.0,378798.0,16.0,18.0,487026.0,22010164.016000003,54430761.04,-93579835.984,-82575358.976,-61159238.96,-80.9584185344753,-71.4381512033913,-52.91049308763734,19.0415814655247,28.561848796608707,47.08950691236266,-82.57535897599999,,,,,,,,,,,,,,,,,,,,,,
Aston Villa,Aston Villa,2887240.6,4349785.899999999,7199176.5,,,,403056.0,110.23,110230000.0,4752841.899999999,-96.0539001179352,,,4.3497859,0.403056,4.752841899999999,,Premier League,-105.4771581,-96.0539001179352,-95.68825011339923,4.311749886600744,UK live-TV schedule + BARB linear audience proxy,False,True,27.0,933000.0,25191000.0,14.0,352674.0,16.0,18.0,453438.0,3239914.6,7652614.5,-106990085.4,-105477158.1,-102577385.5,-97.06076875623695,-95.68825011339923,-93.05759366778554,2.9392312437630412,4.311749886600744,6.942406332214461,-105.4771581,,,,,,,,,,,,,,,,,,,,,,
Bournemouth,Bournemouth,489105.752,738256.628,1218166.38,,,,253776.0,64.72,64720000.0,992032.628,-98.8593068170581,,,0.738256628,0.253776,0.992032628,,Premier League,-63.727967372,-98.8593068170581,-98.46719309641531,1.5328069035846723,UK live-TV schedule + BARB linear audience proxy,False,True,17.0,933000.0,15861000.0,14.0,222054.0,16.0,18.0,285498.0,711159.752,1503664.38,-64008840.248,-63727967.372,-63216335.62,-98.9011746724351,-98.46719309641531,-97.6766619592089,1.098825327564895,1.5328069035846723,2.3233380407911,-63.727967372,,,,,,,,,,,,,,,,,,,,,,
Brentford,Brentford,453174.016,685081.024,1127615.04,,,,223920.0,61.42,61420000.0,909001.024,-98.88459618365354,,,0.6850810239999999,0.22392,0.909001024,,Premier League,-60.510998976,-98.88459618365354,-98.52002438293717,1.479975617062846,UK live-TV schedule + BARB linear audience proxy,False,True,15.0,933000.0,13995000.0,14.0,195930.0,16.0,18.0,251910.0,649104.0160000001,1379525.04,-60770895.984,-60510998.976,-60040474.96,-98.94317157929014,-98.52002438293717,-97.7539481602084,1.0568284207098666,1.479975617062846,2.246051839791599,-60.510998976,,,,,,,,,,,,,,,,,,,,,,
Brighton,Brighton,903745.184,1370722.776,2244257.96,,,,238848.0,77.72,77720000.0,1609570.776,-98.23633199176533,,,1.370722776,0.238848,1.609570776,,Premier League,-76.110429224,-98.23633199176533,-97.9290134122491,2.070986587750901,UK live-TV schedule + BARB linear audience proxy,False,True,16.0,933000.0,14928000.0,14.0,208992.0,16.0,18.0,268704.0,1112737.184,2512961.96,-76607262.816,-76110429.224,-75207038.04,-98.56827433865158,-97.9290134122491,-96.76664698919198,1.4317256613484302,2.070986587750901,3.233353010808029,-76.110429224,,,,,,,,,,,,,,,,,,,,,,
Chelsea,Chelsea,26808664.284,40372116.426,66862540.71,,,,388128.0,125.48,125480000.0,40760244.426,-67.82585557379662,,,40.372116426,0.388128,40.760244426,,Premier League,-84.719755574,-67.82585557379662,-67.51654094198278,32.48345905801721,UK live-TV schedule + BARB linear audience proxy,False,True,26.0,933000.0,24258000.0,14.0,339612.0,16.0,18.0,436644.0,27148276.284,67299184.71000001,-98331723.716,-84719755.574,-58180815.28999999,-78.36445944851769,-67.51654094198278,-46.366604470831994,21.63554055148231,32.48345905801721,53.633395529168006,-84.719755574,,,,,,,,,,,,,,,,,,,,,,
Crystal Palace,Crystal Palace,1001432.848,1509502.272,2496229.1199999996,,,,268704.0,104.57,104570000.0,1778206.272,-98.55646717796692,,,1.5095022720000002,0.268704,1.778206272,,Premier League,-102.791793728,-98.55646717796692,-98.2995062905231,1.7004937094769057,UK live-TV schedule + BARB linear audience proxy,False,True,18.0,933000.0,16794000.0,14.0,235116.0,16.0,18.0,302292.0,1236548.848,2798521.1199999996,-103333451.152,-102791793.728,-101771478.88,-98.81749177775652,-98.2995062905231,-97.32378204073828,1.1825082222434733,1.7004937094769057,2.6762179592617383,-102.791793728,,,,,,,,,,,,,,,,,,,,,,
Everton,Everton,1800235.256,2718440.884,4482500.14,,,,238848.0,32.01,32009999.999999996,2957288.884,-91.50752613558262,,,2.718440884,0.238848,2.957288884,,Premier League,-29.052711116,-91.50752613558262,-90.76135931271476,9.238640687285224,UK live-TV schedule + BARB linear audience proxy,False,True,16.0,933000.0,14928000.0,14.0,208992.0,16.0,18.0,268704.0,2009227.256,4751204.14,-30000772.743999995,-29052711.115999997,-27258795.859999996,-93.72312634801624,-90.76135931271476,-85.15712546079351,6.276873651983755,9.238640687285224,14.8428745392065,-29.052711116,,,,,,,,,,,,,,,,,,,,,,
Fulham,Fulham,629601.024,950918.536,1567485.56,,,,208992.0,60.63,60630000.0,1159910.5359999998,-98.43160393204684,,,0.950918536,0.208992,1.159910536,,Premier League,-59.470089464,-98.43160393204684,-98.08690328880093,1.913096711199076,UK live-TV schedule + BARB linear audience proxy,False,True,14.0,933000.0,13062000.0,14.0,182868.0,16.0,18.0,235116.0,812469.024,1802601.56,-59817530.976,-59470089.464,-58827398.44,-98.65995542800594,-98.08690328880093,-97.02688180768595,1.3400445719940624,1.913096711199076,2.973118192314036,-59.470089464,,,,,,,,,,,,,,,,,,,,,,
Ipswich,Ipswich,214887.568,324877.35199999996,534672.92,,,,149280.0,78.65352630615234,78653526.30615234,474157.352,-99.58695132023014,,,0.3248773519999999,0.14928,0.474157352,,Premier League,-78.17936895415235,-99.58695132023014,-99.39715690539497,0.6028430946050425,UK live-TV schedule + BARB linear audience proxy,False,True,10.0,933000.0,9330000.0,14.0,130620.0,16.0,18.0,167940.0,345507.56799999997,702612.92,-78308018.73815234,-78179368.95415235,-77950913.38615234,-99.56072208809158,-99.39715690539497,-99.10669876736978,0.4392779119084126,0.6028430946050425,0.8933012326302286,-78.17936895415235,,,,,,,,,,,,,,,,,,,,,,
Leicester,Leicester,3143144.92,4728150.38,7844429.299999999,,,,208992.0,85.69223022460938,85692230.22460938,4937142.38,-94.48240480192082,,,4.72815038,0.208992,4.93714238,,Premier League,-80.75508784460938,-94.48240480192082,-94.23851804643294,5.761481953567052,UK live-TV schedule + BARB linear audience proxy,False,True,14.0,933000.0,13062000.0,14.0,182868.0,16.0,18.0,235116.0,3326012.92,8079545.299999999,-82366217.30460937,-80755087.84460938,-77612684.92460938,-96.11865286819804,-94.23851804643294,-90.57143771515508,3.88134713180195,5.761481953567052,9.42856228484492,-80.75508784460938,,,,,,,,,,,,,,,,,,,,,,
Liverpool,Liverpool,25940806.08,39199209.120000005,64564015.2,,,,447840.0,137.7,137700000.0,39647049.120000005,-71.53289098039215,,,39.199209120000006,0.44784,39.647049120000005,,Premier League,-98.05295088,-71.53289098039215,-71.20766222222223,28.79233777777778,UK live-TV schedule + BARB linear audience proxy,False,True,30.0,933000.0,27990000.0,14.0,391860.0,16.0,18.0,503820.0,26332666.08,65067835.2,-111367333.92,-98052950.88,-72632164.8,-80.876785708061,-71.20766222222223,-52.746670152505445,19.123214291938996,28.79233777777778,47.253329847494555,-98.05295088,,,,,,,,,,,,,,,,,,,,,,
Manchester City,Manchester City,26246960.832,39586681.248,65401162.08,,,,373200.0,114.51,114510000.0,39959881.248,-65.42949851716008,,,39.586681248000005,0.3732,39.959881248,,Premier League,-74.550118752,-65.42949851716008,-65.10358811632172,34.89641188367828,UK live-TV schedule + BARB linear audience proxy,False,True,25.0,933000.0,23325000.0,14.0,326550.0,16.0,18.0,419850.0,26573510.832,65821012.08,-87936489.168,-74550118.752,-48688987.92,-76.79372034582133,-65.10358811632172,-42.519420068116325,23.206279654178672,34.89641188367828,57.48057993188368,-74.550118752,,,,,,,,,,,,,,,,,,,,,,
Manchester United,Manchester United,41559513.492,62620170.238,103617883.73,,,,417984.0,163.96,163960000.0,63038154.238,-61.80765416077092,,,62.620170238,0.417984,63.038154238,,Premier League,-100.921845762,-61.80765416077092,-61.55272368992437,38.44727631007563,UK live-TV schedule + BARB linear audience proxy,False,True,28.0,933000.0,26124000.0,14.0,365736.0,16.0,18.0,470232.0,41925249.492,104088115.73,-122034750.508,-100921845.762,-59871884.27,-74.42958679434008,-61.55272368992437,-36.51615288484996,25.57041320565991,38.44727631007563,63.48384711515004,-100.921845762,,,,,,,,,,,,,,,,,,,,,,
Newcastle United,Newcastle United,1815902.2,2741200.3000000003,4522408.5,,,,373200.0,65.42,65420000.0,3114400.3000000003,-95.80984362580251,,,2.7412003000000005,0.3732,3.1144003,,Premier League,-62.3055997,-95.80984362580251,-95.2393758789361,4.760624121063895,UK live-TV schedule + BARB linear audience proxy,False,True,25.0,933000.0,23325000.0,14.0,326550.0,16.0,18.0,419850.0,2142452.2,4942258.5,-63277547.8,-62305599.7,-60477741.5,-96.72508070926322,-95.2393758789361,-92.44534011005808,3.2749192907367783,4.760624121063895,7.554659889941914,-62.3055997,,,,,,,,,,,,,,,,,,,,,,
Nottingham Forest,Nottingham Forest,550251.4,830792.0999999999,1370213.5,,,,328416.0,97.85,97850000.0,1159208.1,-99.15095339805826,,,0.8307920999999998,0.328416,1.1592081,,Premier League,-96.6907919,-99.15095339805826,-98.81532130812468,1.1846786918753194,UK live-TV schedule + BARB linear audience proxy,False,True,22.0,933000.0,20526000.0,14.0,287364.0,16.0,18.0,369468.0,837615.4,1739681.5,-97012384.6,-96690791.9,-96110318.5,-99.1439801737353,-98.81532130812468,-98.22209351047522,0.856019826264691,1.1846786918753194,1.7779064895247827,-96.6907919,,,,,,,,,,,,,,,,,,,,,,
Southampton,Southampton,1002188.592,1509780.888,2498973.4799999995,,,,164208.0,86.74929809570312,86749298.09570312,1673988.888,-98.25960449116904,,,1.509780888,0.164208,1.673988888,,Premier League,-85.07530920770313,-98.25960449116904,-98.07031419879245,1.929685801207556,UK live-TV schedule + BARB linear audience proxy,False,True,11.0,933000.0,10263000.0,14.0,143682.0,16.0,18.0,184734.0,1145870.592,2683707.4799999995,-85603427.50370313,-85075309.20770313,-84065590.61570312,-98.67910102196348,-98.07031419879245,-96.90636404107929,1.3208989780365237,1.929685801207556,3.0936359589207205,-85.07530920770313,,,,,,,,,,,,,,,,,,,,,,
Tottenham Hotspur,Tottenham Hotspur,14156508.396000002,21364612.594,35261420.989999995,,,,358272.0,145.22,145220000.0,21722884.594,-85.28810591240877,,,21.364612594,0.358272,21.722884594,,Premier League,-123.497115406,-85.28810591240877,-85.04139609282468,14.958603907175322,UK live-TV schedule + BARB linear audience proxy,False,True,24.0,933000.0,22392000.0,14.0,313488.0,16.0,18.0,403056.0,14469996.396000002,35664476.989999995,-130750003.604,-123497115.406,-109555523.01,-90.03581022173255,-85.04139609282468,-75.4410707960336,9.964189778267457,14.958603907175322,24.558929203966393,-123.497115406,,,,,,,,,,,,,,,,,,,,,,
West Ham United,West Ham United,1839062.136,2773014.2040000004,4583234.34,,,,268704.0,69.08,69080000.0,3041718.2040000004,-95.98579298784018,,,2.7730142040000003,0.268704,3.0417182040000004,,Premier League,-66.03828179599999,-95.98579298784018,-95.5968178865084,4.403182113491604,UK live-TV schedule + BARB linear audience proxy,False,True,18.0,933000.0,16794000.0,14.0,235116.0,16.0,18.0,302292.0,2074178.136,4885526.34,-67005821.864,-66038281.796,-64194473.66,-96.99742597568036,-95.5968178865084,-92.92772678054428,3.002574024319629,4.403182113491604,7.072273219455703,-66.03828179599999,,,,,,,,,,,,,,,,,,,,,,
Wolves,Wolves,1291399.6,1952394.4,3213204.0,,,,223920.0,81.52,81520000.0,2176314.4,-97.60501177625122,,,1.9523944,0.22392,2.1763144,,Premier League,-79.3436856,-97.60501177625122,-97.33033071638862,2.6696692836113836,UK live-TV schedule + BARB linear audience proxy,False,True,15.0,933000.0,13995000.0,14.0,195930.0,16.0,18.0,251910.0,1487329.6,3465114.0,-80032670.4,-79343685.6,-78054886.0,-98.17550343473997,-97.33033071638862,-95.74936947988223,1.824496565260059,2.6696692836113836,4.250630520117762,-79.3436856,,,,,,,,,,,,,,,,,,,,,,
Alaves,Alaves,492275.56000000006,747514.34,1221587.9,,,,439584.0,22.18,22180000.0,1187098.34,-96.62978205590622,,,0.7475143399999999,0.439584,1.18709834,,La Liga,-20.99290166,-96.62978205590622,-94.64788845807034,5.352111541929665,Club-level TV audience proxy calibrated to league average,False,True,,723000.0,27474000.0,14.0,384636.0,16.0,18.0,494532.0,876911.56,1716119.9,-21303088.44,-20992901.66,-20463880.1,-96.04638611361588,-94.64788845807034,-92.2627596934175,3.9536138863841304,5.352111541929665,7.737240306582506,-20.99290166,38.0,Barlovento Comunicación / Kantar 2024/25,average unique viewers per match,True,,,,,,,,,,,,,,,,,,
Athletic Club,Athletic Club,1548358.448,2341933.6720000003,3851500.12,,,,417088.0,67.25,67250000.0,2759021.6720000003,-96.5175707479554,,,2.341933672,0.417088,2.7590216720000003,,La Liga,-64.490978328,-96.5175707479554,-95.89736554349444,4.102634456505577,Club-level TV audience proxy calibrated to league average,False,True,,686000.0,26068000.0,14.0,364952.0,16.0,18.0,469224.0,1913310.448,4320724.12,-65336689.552,-64490978.328,-62929275.88,-97.15492870185874,-95.89736554349444,-93.57513142007436,2.845071298141264,4.102634456505577,6.424868579925651,-64.490978328,38.0,Barlovento Comunicación / Kantar 2024/25,average unique viewers per match,True,,,,,,,,,,,,,,,,,,
Atletico Madrid,Atletico Madrid,10033598.784,15249838.176,24884556.96,,,,570304.0,58.67,58670000.0,15820142.176,-74.00743450485768,,,15.249838176,0.570304,15.820142176,,La Liga,-42.849857824,-74.00743450485768,-73.03538064428157,26.964619355718423,Club-level TV audience proxy calibrated to league average,False,True,,938000.0,35644000.0,14.0,499016.0,16.0,18.0,641592.0,10532614.784,25526148.96,-48137385.216,-42849857.824,-33143851.04,-82.04769936253622,-73.03538064428157,-56.49199086415544,17.95230063746378,26.964619355718423,43.50800913584455,-42.849857824,38.0,Barlovento Comunicación / Kantar 2024/25,average unique viewers per match,True,,,,,,,,,,,,,,,,,,
Barcelona,Barcelona,69463099.68,104847249.52,173005149.20000002,,,,954560.0,173.54,173540000.0,105801809.52,-39.58323757058891,,,104.84724952,0.95456,105.80180952,,La Liga,-67.73819048,-39.58323757058891,-39.033185709346554,60.966814290653446,Club-level TV audience proxy calibrated to league average,False,True,,1570000.0,59660000.0,14.0,835240.0,16.0,18.0,1073880.0,70298339.68,174079029.20000002,-103241660.32,-67738190.48,539029.2000000179,-59.49156408897084,-39.033185709346554,0.3106080442549371,40.50843591102916,60.966814290653446,100.31060804425492,-67.73819048,38.0,Barlovento Comunicación / Kantar 2024/25,average unique viewers per match,True,,,,,,,,,,,,,,,,,,
Celta Vigo,Celta Vigo,815493.9839999999,1233443.9759999998,2028531.96,,,,518016.0,52.99,52990000.0,1751459.9759999998,-97.67230802792982,,,1.2334439759999998,0.518016,1.7514599759999998,,La Liga,-51.238540024,-97.67230802792982,-96.6947349009247,3.3052650990752968,Club-level TV audience proxy calibrated to league average,False,True,,852000.0,32376000.0,14.0,453264.0,16.0,18.0,582768.0,1268757.984,2611299.96,-51721242.016,-51238540.024,-50378700.04,-97.60566525004718,-96.6947349009247,-95.07208914889604,2.394334749952821,3.3052650990752968,4.927910851103982,-51.238540024,38.0,Barlovento Comunicación / Kantar 2024/25,average unique viewers per match,True,,,,,,,,,,,,,,,,,,
Espanyol,Espanyol,600019.848,917642.772,1482436.62,,,,449920.0,27.86,27860000.0,1367562.772,-96.70623556353196,,,0.917642772,0.44992,1.367562772,,La Liga,-26.492437228,-96.70623556353196,-95.09130376166549,4.908696238334529,Club-level TV audience proxy calibrated to league average,False,True,,740000.0,28120000.0,14.0,393680.0,16.0,18.0,506160.0,993699.848,1988596.62,-26866300.152,-26492437.228,-25871403.38,-96.43323816223976,-95.09130376166549,-92.86218011486,3.5667618377602297,4.908696238334529,7.137819885139986,-26.492437228,38.0,Barlovento Comunicación / Kantar 2024/25,average unique viewers per match,True,,,,,,,,,,,,,,,,,,
Getafe,Getafe,500441.76,751270.6399999999,1250496.4,,,,362368.0,16.82,16820000.0,1113638.64,-95.53346825208084,,,0.7512706399999999,0.362368,1.1136386399999998,,La Liga,-15.70636136,-95.53346825208084,-93.37908061831152,6.6209193816884655,Club-level TV audience proxy calibrated to league average,False,True,,596000.0,22648000.0,14.0,317072.0,16.0,18.0,407664.0,817513.76,1658160.4,-16002486.24,-15706361.36,-15161839.6,-95.13963281807372,-93.37908061831152,-90.14173365041616,4.860367181926279,6.6209193816884655,9.858266349583827,-15.70636136,38.0,Barlovento Comunicación / Kantar 2024/25,average unique viewers per match,True,,,,,,,,,,,,,,,,,,
Girona,Girona,818183.048,1235301.5720000002,2037430.62,,,,392160.0,23.24,23240000.0,1627461.5720000002,-94.68458876075732,,,1.2353015720000002,0.39216,1.627461572,,La Liga,-21.612538428,-94.68458876075732,-92.99715330464716,7.002846695352841,Club-level TV audience proxy calibrated to league average,False,True,,645000.0,24510000.0,14.0,343140.0,16.0,18.0,441180.0,1161323.048,2478610.62,-22078676.952,-21612538.428,-20761389.38,-95.00291287435456,-92.99715330464716,-89.33472194492255,4.9970871256454386,7.002846695352841,10.665278055077453,-21.612538428,38.0,Barlovento Comunicación / Kantar 2024/25,average unique viewers per match,True,,,,,,,,,,,,,,,,,,
Las Palmas,Las Palmas,680098.92,1044088.38,1676307.3,,,,521664.0,34.55242156982422,34552421.56982422,1565752.38,-96.97824831787814,,,1.04408838,0.521664,1.5657523800000002,,La Liga,-32.98666918982422,-96.97824831787814,-95.46847280490633,4.531527195093683,Club-level TV audience proxy calibrated to league average,False,True,,858000.0,32604000.0,14.0,456456.0,16.0,18.0,586872.0,1136554.92,2263179.3,-33415866.649824217,-32986669.18982422,-32289242.269824214,-96.71063598913544,-95.46847280490633,-93.45001248197173,3.289364010864556,4.531527195093683,6.549987518028287,-32.98666918982422,38.0,Barlovento Comunicación / Kantar 2024/25,average unique viewers per match,True,,,,,,,,,,,,,,,,,,
Leganes,Leganes,307474.72,474018.08,755880.7999999999,,,,372096.0,29.656848907470703,29656848.907470703,846114.0800000001,-98.4016572985251,,,0.47401808,0.372096,0.8461140800000001,,La Liga,-28.810734827470704,-98.4016572985251,-97.14698590318926,2.8530140968107363,Club-level TV audience proxy calibrated to league average,False,True,,612000.0,23256000.0,14.0,325584.0,16.0,18.0,418608.0,633058.72,1174488.7999999998,-29023790.187470704,-28810734.827470705,-28482360.107470702,-97.86538778285198,-97.14698590318926,-96.0397383968054,2.134612217148024,2.8530140968107363,3.960261603194601,-28.810734827470704,38.0,Barlovento Comunicación / Kantar 2024/25,average unique viewers per match,True,,,,,,,,,,,,,,,,,,
Mallorca,Mallorca,642373.128,973895.692,1595596.82,,,,384256.0,11.9,11900000.0,1358151.692,-91.81600258823528,,,0.973895692,0.384256,1.358151692,,La Liga,-10.541848308,-91.81600258823528,-88.58696057142858,11.41303942857143,Club-level TV audience proxy calibrated to league average,False,True,,632000.0,24016000.0,14.0,336224.0,16.0,18.0,432288.0,978597.128,2027884.82,-10921402.872,-10541848.308,-9872115.18,-91.77649472268908,-88.58696057142858,-82.95895109243698,8.223505277310924,11.41303942857143,17.041048907563024,-10.541848308,38.0,Barlovento Comunicación / Kantar 2024/25,average unique viewers per match,True,,,,,,,,,,,,,,,,,,
Osasuna,Osasuna,557353.448,850964.172,1378449.62,,,,394592.0,18.47,18470000.0,1245556.172,-95.39272240389822,,,0.8509641720000001,0.394592,1.245556172,,La Liga,-17.224443828000002,-95.39272240389822,-93.2563282512182,6.743671748781808,Club-level TV audience proxy calibrated to league average,False,True,,649000.0,24662000.0,14.0,345268.0,16.0,18.0,443916.0,902621.448,1822365.62,-17567378.552,-17224443.828,-16647634.38,-95.11304034650786,-93.2563282512182,-90.13337509474825,4.886959653492149,6.743671748781808,9.86662490525176,-17.224443828000002,38.0,Barlovento Comunicación / Kantar 2024/25,average unique viewers per match,True,,,,,,,,,,,,,,,,,,
Rayo Vallecano,Rayo Vallecano,194281.992,291945.488,485182.48,,,,464512.0,19.4,19400000.0,756457.488,-98.49512635051543,,,0.291945488,0.464512,0.756457488,,La Liga,-18.643542512,-98.49512635051543,-96.10073459793811,3.899265402061856,Club-level TV audience proxy calibrated to league average,False,True,,764000.0,29032000.0,14.0,406448.0,16.0,18.0,522576.0,600729.992,1007758.48,-18799270.008,-18643542.512,-18392241.52,-96.90345364948452,-96.10073459793811,-94.8053686597938,3.096546350515464,3.899265402061856,5.194631340206186,-18.643542512,38.0,Barlovento Comunicación / Kantar 2024/25,average unique viewers per match,True,,,,,,,,,,,,,,,,,,
Real Betis,Real Betis,2724645.2,4133342.8,6765238.0,,,,445056.0,40.56,40560000.0,4578398.8,-89.80931262327417,,,4.133342799999999,0.445056,4.5783987999999995,,La Liga,-35.9816012,-89.80931262327417,-88.71203451676529,11.287965483234712,Club-level TV audience proxy calibrated to league average,False,True,,732000.0,27816000.0,14.0,389424.0,16.0,18.0,500688.0,3114069.2,7265926.0,-37445930.8,-35981601.2,-33294074.0,-92.32231459566074,-88.71203451676529,-82.08598126232741,7.67768540433925,11.287965483234712,17.914018737672585,-35.9816012,38.0,Barlovento Comunicación / Kantar 2024/25,average unique viewers per match,True,,,,,,,,,,,,,,,,,,
Real Madrid,Real Madrid,78029574.06400001,117538361.09600002,194579935.16,,,,892544.0,187.75,187750000.0,118430905.09600002,-37.39634562130492,,,117.53836109600002,0.892544,118.43090509600002,,La Liga,-69.31909490399998,-37.39634562130492,-36.92095600745672,63.07904399254328,Club-level TV audience proxy calibrated to league average,False,True,,1468000.0,55784000.0,14.0,780976.0,16.0,18.0,1004112.0,78810550.06400001,195584047.16,-108939449.936,-69319094.90399998,7834047.159999996,-58.02367506577896,-36.92095600745672,4.172595025299598,41.97632493422104,63.07904399254328,104.1725950252996,-69.31909490399998,38.0,Barlovento Comunicación / Kantar 2024/25,average unique viewers per match,True,,,,,,,,,,,,,,,,,,
Real Sociedad,Real Sociedad,1239986.8,1899980.2,3059967.0,,,,408576.0,29.81,29810000.0,2308556.2,-93.62636632002685,,,1.8999802,0.408576,2.3085562000000004,,La Liga,-27.5014438,-93.62636632002685,-92.25576585038576,7.744234149614224,Club-level TV audience proxy calibrated to league average,False,True,,672000.0,25536000.0,14.0,357504.0,16.0,18.0,459648.0,1597490.8,3519615.0,-28212509.2,-27501443.8,-26290385.0,-94.6410909090909,-92.25576585038576,-88.19317343173432,5.3589090909090915,7.744234149614224,11.806826568265684,-27.5014438,38.0,Barlovento Comunicación / Kantar 2024/25,average unique viewers per match,True,,,,,,,,,,,,,,,,,,
Sevilla,Sevilla,2129390.952,3207234.4280000003,5310329.380000001,,,,662720.0,31.39,31390000.0,3869954.428,-89.78262367633005,,,3.2072344280000005,0.66272,3.869954428,,La Liga,-27.520045572,-89.78262367633005,-87.67137805670596,12.328621943294044,Club-level TV audience proxy calibrated to league average,False,True,,1090000.0,41420000.0,14.0,579880.0,16.0,18.0,745560.0,2709270.952,6055889.380000001,-28680729.048,-27520045.572,-25334110.619999997,-91.36899983434216,-87.67137805670596,-80.70758400764574,8.631000165657852,12.328621943294044,19.292415992354258,-27.520045572,38.0,Barlovento Comunicación / Kantar 2024/25,average unique viewers per match,True,,,,,,,,,,,,,,,,,,
Valencia,Valencia,1351051.088,2039743.632,3364460.72,,,,382432.0,26.86,26860000.0,2422175.632,-92.40601775130304,,,2.039743632,0.382432,2.422175632,,La Liga,-24.437824368,-92.40601775130304,-90.98222028294862,9.01777971705138,Club-level TV audience proxy calibrated to league average,False,True,,629000.0,23902000.0,14.0,334628.0,16.0,18.0,430236.0,1685679.088,3794696.72,-25174320.912,-24437824.368,-23065303.28,-93.72420294862248,-90.98222028294862,-85.87231303052867,6.275797051377513,9.01777971705138,14.127686969471334,-24.437824368,38.0,Barlovento Comunicación / Kantar 2024/25,average unique viewers per match,True,,,,,,,,,,,,,,,,,,
Valladolid,Valladolid,422712.456,640908.684,1049941.14,,,,331968.0,31.25800895690918,31258008.95690918,972876.684,-97.94961769675244,,,0.640908684,0.331968,0.972876684,,La Liga,-30.28513227290918,-97.94961769675244,-96.88759227965812,3.1124077203418876,Club-level TV audience proxy calibrated to league average,False,True,,546000.0,20748000.0,14.0,290472.0,16.0,18.0,373464.0,713184.456,1423405.14,-30544824.50090918,-30285132.27290918,-29834603.81690918,-97.71839448576792,-96.88759227965812,-95.44627061191824,2.281605514232089,3.1124077203418876,4.553729388081754,-30.28513227290918,38.0,Barlovento Comunicación / Kantar 2024/25,average unique viewers per match,True,,,,,,,,,,,,,,,,,,
Villarreal,Villarreal,743348.2479999999,1116580.3719999995,1856812.62,,,,407360.0,27.3,27300000.0,1523940.3719999995,-95.909962007326,,,1.1165803719999996,0.40736,1.5239403719999995,,La Liga,-25.776059628,-95.909962007326,-94.41780083516484,5.582199164835163,Club-level TV audience proxy calibrated to league average,False,True,,670000.0,25460000.0,14.0,356440.0,16.0,18.0,458280.0,1099788.248,2315092.62,-26200211.752,-25776059.628,-24984907.38,-95.97147161904762,-94.41780083516484,-91.51980725274726,4.02852838095238,5.582199164835163,8.480192747252747,-25.776059628,38.0,Barlovento Comunicación / Kantar 2024/25,average unique viewers per match,True,,,,,,,,,,,,,,,,,,
Augsburg,Augsburg,132207.50400000002,198816.156,330013.86000000004,,,,115545.6,89.59,89590000.0,314361.756,-99.77808220113852,,,0.198816156,0.1155456,0.314361756,,Bundesliga,-89.275638244,-99.77808220113852,-99.64911066413664,0.3508893358633776,Club-level TV audience proxy calibrated to league average,False,True,,212400.0,7221600.0,14.0,101102.4,16.0,18.0,129988.8,233309.90400000004,460002.66,-89356690.096,-89275638.244,-89129997.34,-99.7395804174573,-99.64911066413664,-99.4865468690702,0.2604195825426945,0.3508893358633776,0.5134531309297913,-89.275638244,34.0,SPORT BILD Bundesliga TV ratings 2024/25,average TV viewers per club match - all 34 matches,True,Sky + DAZN,,,,,,,,,,,,,,,,,
Bayer Leverkusen,Bayer Leverkusen,2002000.0,3014000.0,4994000.0,,,,245724.8,103.75,103750000.0,3259724.8,-97.09493975903617,,,3.014,0.2457248,3.2597248,,Bundesliga,-100.4902752,-97.09493975903617,-96.85809657831324,3.1419034216867465,Club-level TV audience proxy calibrated to league average,False,True,,451700.0,15357800.0,14.0,215009.2,16.0,18.0,276440.39999999997,2217009.2,5270440.4,-101532990.8,-100490275.2,-98479559.6,-97.8631236626506,-96.85809657831324,-94.92005744578312,2.1368763373493977,3.1419034216867465,5.079942554216868,-100.4902752,34.0,SPORT BILD Bundesliga TV ratings 2024/25,average TV viewers per club match - all 34 matches,True,Sky + DAZN,,,,,,,,,,,,,,,,,
Bayern Munich,Bayern Munich,22739352.0,34231908.0,56725500.0,,,,483871.68,171.46,171460000.0,34715779.68,-80.03504724133909,,,34.231908,0.4838716799999999,34.71577968,,Bundesliga,-136.74422031999998,-80.03504724133909,-79.75284049924181,20.24715950075819,Club-level TV audience proxy calibrated to league average,False,True,,889470.0,30241980.0,14.0,423387.72,16.0,18.0,544355.64,23162739.72,57269855.64,-148297260.28,-136744220.32,-114190144.36,-86.49087850227458,-79.75284049924181,-66.59870778024029,13.509121497725417,20.24715950075819,33.40129221975971,-136.74422031999998,34.0,SPORT BILD Bundesliga TV ratings 2024/25,average TV viewers per club match - all 34 matches,True,Sky + DAZN,,,,,,,,,,,,,,,,,
Bochum,Bochum,62870.216,94847.624,156633.24,,,,115872.0,85.76518249511719,85765182.49511719,210719.624,-99.88941010647837,,,0.0948476239999999,0.115872,0.210719624,,Bundesliga,-85.5544628711172,-99.88941010647837,-99.75430633052989,0.2456936694701218,Club-level TV audience proxy calibrated to league average,False,True,,213000.0,7242000.0,14.0,101388.0,16.0,18.0,130356.0,164258.216,286989.24,-85600924.27911718,-85554462.87111719,-85478193.2551172,-99.80847913894505,-99.75430633052989,-99.66537791717948,0.1915208610549527,0.2456936694701218,0.3346220828205419,-85.5544628711172,34.0,SPORT BILD Bundesliga TV ratings 2024/25,average TV viewers per club match - all 34 matches,True,Sky + DAZN,,,,,,,,,,,,,,,,,
Borussia Dortmund,Borussia Dortmund,8071761.216,12145321.824,20141723.04,,,,396684.8,132.75,132750000.0,12542006.624,-90.85098167683616,,,12.145321824,0.3966848,12.542006624,,Bundesliga,-120.207993376,-90.85098167683616,-90.55216073521656,9.447839264783427,Club-level TV audience proxy calibrated to league average,False,True,,729200.0,24792800.0,14.0,347099.2,16.0,18.0,446270.4,8418860.416,20587993.44,-124331139.584,-120207993.376,-112162006.56,-93.65810891450094,-90.55216073521656,-84.49115371751412,6.341891085499057,9.447839264783427,15.508846282485877,-120.207993376,34.0,SPORT BILD Bundesliga TV ratings 2024/25,average TV viewers per club match - all 34 matches,True,Sky + DAZN,,,,,,,,,,,,,,,,,
Borussia Monchengladbach,Borussia Monchengladbach,469473.36,712489.04,1165404.4,,,,204816.0,86.22,86220000.0,917305.04,-99.17363832057526,,,0.71248904,0.204816,0.91730504,,Bundesliga,-85.30269496,-99.17363832057526,-98.93608786824402,1.0639121317559732,Club-level TV audience proxy calibrated to league average,False,True,,376500.0,12801000.0,14.0,179214.0,16.0,18.0,230418.0,648687.36,1395822.4,-85571312.64,-85302694.96,-84824177.6,-99.24763702157271,-98.93608786824402,-98.38109209000233,0.7523629784272791,1.0639121317559732,1.6189079099976804,-85.30269496,34.0,SPORT BILD Bundesliga TV ratings 2024/25,average TV viewers per club match - all 34 matches,True,Sky + DAZN,,,,,,,,,,,,,,,,,
Eintracht Frankfurt,Eintracht Frankfurt,545712.5360000001,822731.8040000001,1360118.34,,,,270640.0,87.48,87480000.0,1093371.804,-99.05952011431184,,,0.8227318040000001,0.27064,1.093371804,,Bundesliga,-86.38662819599999,-99.05952011431184,-98.75014654320988,1.2498534567901236,Club-level TV audience proxy calibrated to league average,False,True,,497500.0,16915000.0,14.0,236810.0,16.0,18.0,304470.0,782522.5360000001,1664588.34,-86697477.464,-86386628.196,-85815411.66,-99.1054840695016,-98.75014654320988,-98.09717839506172,0.8945159304983997,1.2498534567901236,1.902821604938272,-86.38662819599999,34.0,SPORT BILD Bundesliga TV ratings 2024/25,average TV viewers per club match - all 34 matches,True,Sky + DAZN,,,,,,,,,,,,,,,,,
Freiburg,Freiburg,177600.36,266813.64,443587.8000000001,,,,114131.2,91.23,91230000.0,380944.84,-99.70753738901676,,,0.26681364,0.1141312,0.38094484,,Bundesliga,-90.84905516,-99.70753738901676,-99.58243468157404,0.4175653184259564,Club-level TV audience proxy calibrated to league average,False,True,,209800.0,7133200.0,14.0,99864.8,16.0,18.0,128397.6,277465.16,571985.4000000001,-90952534.84,-90849055.16,-90658014.6,-99.69586193138224,-99.58243468157404,-99.3730292666886,0.3041380686177792,0.4175653184259564,0.6269707333114108,-90.84905516,34.0,SPORT BILD Bundesliga TV ratings 2024/25,average TV viewers per club match - all 34 matches,True,Sky + DAZN,,,,,,,,,,,,,,,,,
Heidenheim,Heidenheim,37015.944,55752.816000000006,92310.96,,,,121203.2,72.79,72790000.0,176956.016,-99.92340594037644,,,0.055752816,0.1212032,0.176956016,,Bundesliga,-72.613043984,-99.92340594037644,-99.756895155928,0.2431048440719879,Club-level TV audience proxy calibrated to league average,False,True,,222800.0,7575200.0,14.0,106052.8,16.0,18.0,136353.6,143068.744,228664.56,-72646931.256,-72613043.984,-72561335.44,-99.80345000137382,-99.756895155928,-99.6858571781838,0.1965499986261849,0.2431048440719879,0.3141428218161835,-72.613043984,34.0,SPORT BILD Bundesliga TV ratings 2024/25,average TV viewers per club match - all 34 matches,True,Sky + DAZN,,,,,,,,,,,,,,,,,
Hoffenheim,Hoffenheim,159691.472,240207.008,398558.88,,,,95580.8,51.82,51820000.0,335787.808,-99.53645888074102,,,0.240207008,0.0955808,0.335787808,,Bundesliga,-51.484212192,-99.53645888074102,-99.35201117715168,0.6479888228483212,Club-level TV audience proxy calibrated to league average,False,True,,175700.0,5973800.0,14.0,83633.2,16.0,18.0,107528.4,243324.672,506087.28,-51576675.328,-51484212.192,-51313912.72,-99.53044254727904,-99.35201117715168,-99.02337460439983,0.4695574527209572,0.6479888228483212,0.9766253956001544,-51.484212192,34.0,SPORT BILD Bundesliga TV ratings 2024/25,average TV viewers per club match - all 34 matches,True,Sky + DAZN,,,,,,,,,,,,,,,,,
Holstein Kiel,Holstein Kiel,38975.152,58755.128,97145.48,,,,118972.8,83.79499053955078,83794990.53955078,177727.928,-99.9298822905502,,,0.058755128,0.1189728,0.177727928,,Bundesliga,-83.61726261155077,-99.9298822905502,-99.78790148807748,0.2120985119225157,Club-level TV audience proxy calibrated to league average,False,True,,218700.0,7435800.0,14.0,104101.2,16.0,18.0,133844.4,143076.352,230989.88,-83651914.18755078,-83617262.61155078,-83564000.65955079,-99.82925428945246,-99.78790148807748,-99.72433927313236,0.1707457105475401,0.2120985119225157,0.2756607268676449,-83.61726261155077,34.0,SPORT BILD Bundesliga TV ratings 2024/25,average TV viewers per club match - all 34 matches,True,Sky + DAZN,,,,,,,,,,,,,,,,,
Mainz,Mainz,136792.472,205734.408,341435.48,,,,124630.4,100.65,100650000.0,330364.80799999996,-99.79559422950818,,,0.205734408,0.1246303999999999,0.3303648079999999,,Bundesliga,-100.319635192,-99.79559422950818,-99.6717686954794,0.3282313045206159,Club-level TV audience proxy calibrated to league average,False,True,,229100.0,7789400.0,14.0,109051.6,16.0,18.0,140209.19999999998,245844.072,481644.67999999993,-100404155.928,-100319635.192,-100168355.32,-99.75574359463486,-99.6717686954794,-99.52146579234972,0.2442564053651266,0.3282313045206159,0.4785342076502731,-100.319635192,34.0,SPORT BILD Bundesliga TV ratings 2024/25,average TV viewers per club match - all 34 matches,True,Sky + DAZN,,,,,,,,,,,,,,,,,
RB Leipzig,RB Leipzig,679995.96,1024718.94,1695264.9,,,,194969.6,99.8,99800000.0,1219688.54,-98.97322751503006,,,1.02471894,0.1949696,1.21968854,,Bundesliga,-98.58031146,-98.97322751503006,-98.77786719438876,1.2221328056112224,Club-level TV audience proxy calibrated to league average,False,True,,358400.0,12185600.0,14.0,170598.4,16.0,18.0,219340.8,850594.36,1914605.7,-98949405.64,-98580311.46,-97885394.3,-99.14770104208417,-98.77786719438876,-98.08155741482966,0.8522989579158317,1.2221328056112224,1.9184425851703408,-98.58031146,34.0,SPORT BILD Bundesliga TV ratings 2024/25,average TV viewers per club match - all 34 matches,True,Sky + DAZN,,,,,,,,,,,,,,,,,
St Pauli,St Pauli,173959.36800000002,261707.452,434130.02,,,,151068.8,75.67,75670000.0,412776.252,-99.65414635654815,,,0.261707452,0.1510687999999999,0.4127762519999999,,Bundesliga,-75.257223748,-99.65414635654815,-99.4545047548566,0.5454952451433858,Club-level TV audience proxy calibrated to league average,False,True,,277700.0,9441800.0,14.0,132185.19999999998,16.0,18.0,169952.4,306144.56799999997,604082.42,-75363855.432,-75257223.748,-75065917.58,-99.59542147746797,-99.4545047548566,-99.20168835734108,0.404578522532047,0.5454952451433858,0.7983116426589137,-75.257223748,34.0,SPORT BILD Bundesliga TV ratings 2024/25,average TV viewers per club match - all 34 matches,True,Sky + DAZN,,,,,,,,,,,,,,,,,
Stuttgart,Stuttgart,323818.488,487674.4319999999,807599.52,,,,219395.2,92.16,92160000.0,707069.632,-99.470839375,,,0.4876744319999999,0.2193952,0.707069632,,Bundesliga,-91.452930368,-99.470839375,-99.23278034722225,0.7672196527777777,Club-level TV audience proxy calibrated to league average,False,True,,403300.0,13712200.0,14.0,191970.8,16.0,18.0,246819.6,515789.28800000006,1054419.12,-91644210.712,-91452930.368,-91105580.88,-99.44033280381944,-99.23278034722225,-98.85588203125,0.5596671961805556,0.7672196527777777,1.14411796875,-91.452930368,34.0,SPORT BILD Bundesliga TV ratings 2024/25,average TV viewers per club match - all 34 matches,True,Sky + DAZN,,,,,,,,,,,,,,,,,
Union Berlin,Union Berlin,120693.336,182012.404,300760.94,,,,141331.2,73.69,73690000.0,323343.60400000005,-99.7530025729407,,,0.182012404,0.1413312,0.323343604,,Bundesliga,-73.366656396,-99.7530025729407,-99.56121101370606,0.4387889862939341,Club-level TV audience proxy calibrated to league average,False,True,,259800.0,8833200.0,14.0,123664.80000000002,16.0,18.0,158997.6,244358.136,459758.54,-73445641.864,-73366656.396,-73230241.46,-99.66839715565204,-99.56121101370606,-99.37609100284976,0.3316028443479441,0.4387889862939341,0.623908997150224,-73.366656396,34.0,SPORT BILD Bundesliga TV ratings 2024/25,average TV viewers per club match - all 34 matches,True,Sky + DAZN,,,,,,,,,,,,,,,,,
Werder Bremen,Werder Bremen,310644.80799999996,468806.21199999994,773773.02,,,,173536.0,94.08,94080000.0,642342.2119999999,-99.50169407738096,,,0.4688062119999999,0.173536,0.642342212,,Bundesliga,-93.437657788,-99.50169407738096,-99.31723829506804,0.6827617049319727,Club-level TV audience proxy calibrated to league average,False,True,,319000.0,10846000.0,14.0,151844.0,16.0,18.0,195228.0,462488.808,969001.02,-93617511.192,-93437657.788,-93110998.98,-99.50840900510204,-99.31723829506804,-98.97002442602042,0.4915909948979591,0.6827617049319727,1.0299755739795915,-93.437657788,34.0,SPORT BILD Bundesliga TV ratings 2024/25,average TV viewers per club match - all 34 matches,True,Sky + DAZN,,,,,,,,,,,,,,,,,
Wolfsburg,Wolfsburg,541171.336,813457.004,1351228.34,,,,111411.2,49.08,49080000.0,924868.204,-98.3425896414018,,,0.813457004,0.1114112,0.924868204,,Bundesliga,-48.155131796000006,-98.3425896414018,-98.11559045639773,1.8844095436022816,Club-level TV audience proxy calibrated to league average,False,True,,204800.0,6963200.0,14.0,97484.8,16.0,18.0,125337.6,638656.136,1476565.9400000002,-48441343.864,-48155131.796,-47603434.06,-98.69874462917684,-98.11559045639773,-96.99151193969033,1.301255370823146,1.8844095436022816,3.008488060309699,-48.155131796000006,34.0,SPORT BILD Bundesliga TV ratings 2024/25,average TV viewers per club match - all 34 matches,True,Sky + DAZN,,,,,,,,,,,,,,,,,
Angers,Angers,106703.152,160176.108,266636.49999999994,,,,71140.94403892943,25.26,25260000.0,231317.05203892945,-99.3658903087886,,,0.160176108,0.0711409440389294,0.2313170520389294,,Ligue 1,-25.02868294796107,-99.3658903087886,-99.08425553428768,0.9157444657123096,Historical league TV baseline weighted by 2024/25 club attendance,False,True,,130773.79418920852,4446309.00243309,14.0,49798.660827250606,16.0,18.0,96040.27445255472,156501.8128272506,362676.77445255464,-25103498.18717275,-25028682.94796107,-24897323.225547444,-99.38043621208531,-99.08425553428768,-98.56422496257896,0.6195637879146896,0.9157444657123096,1.4357750374210398,-25.02868294796107,34.0,,,True,,19350.0,223495.0,13147.0,0.6794315245478036,0.470409331615858,104619.03535136682,3557047.201946472,130773.79418920852,4446309.00243309,156928.55302705022,5335570.802919707,False,Ligue 1 2023/24 historical TV baseline weighted by club 2024/25 average attendance,278000.0,27948.0,2023/24,2024/25
Auxerre,Auxerre,74878.064,112587.396,186924.86,,,,90009.77128953772,50.25,50250000.0,202597.16728953773,-99.77594548059702,,,0.1125873959999999,0.0900097712895377,0.2025971672895377,,Ligue 1,-50.04740283271046,-99.77594548059702,-99.59682155763277,0.4031784423672392,Historical league TV baseline weighted by 2024/25 club attendance,False,True,,165459.1383998855,5625610.705596107,14.0,63006.839902676395,16.0,18.0,121513.19124087592,137884.9039026764,308438.0512408759,-50112115.09609732,-50047402.83271046,-49941561.94875912,-99.7256021812882,-99.59682155763277,-99.38619293285396,0.2743978187117938,0.4031784423672392,0.6138070671460217,-50.04740283271046,34.0,,,True,,18541.0,282785.0,16634.0,0.8971468637074591,0.5951767568341205,132367.31071990842,4500488.564476886,165459.1383998855,5625610.705596107,198550.9660798626,6750732.846715329,False,Ligue 1 2023/24 historical TV baseline weighted by club 2024/25 average attendance,278000.0,27948.0,2023/24,2024/25
Brest,Brest,259809.088,390417.632,648818.72,,,,78321.59610705596,62.75,62750000.0,468739.22810705594,-99.3778205067729,,,0.3904176319999999,0.0783215961070559,0.4687392281070559,,Ligue 1,-62.281260771892946,-99.3778205067729,-99.25300521417202,0.7469947858279775,Historical league TV baseline weighted by 2024/25 club attendance,False,True,,143973.52225561757,4895099.756690998,14.0,54825.117274939184,16.0,18.0,105734.15474452556,314634.2052749392,754552.8747445255,-62435365.79472506,-62281260.77189294,-61995447.12525547,-99.4985909079284,-99.25300521417202,-98.79752529921193,0.5014090920716163,0.7469947858279775,1.2024747007880885,-62.281260771892946,34.0,,,True,,15220.0,246058.0,14474.0,0.9509855453350854,0.5178903678259625,115178.81780449409,3916079.805352798,143973.52225561757,4895099.756690998,172768.22670674112,5874119.7080291975,False,Ligue 1 2023/24 historical TV baseline weighted by club 2024/25 average attendance,278000.0,27948.0,2023/24,2024/25
Le Havre,Le Havre,60640.632,91290.748,151271.78,,,,109403.48418491482,31.28,31280000.0,200694.2321849148,-99.7081497826087,,,0.091290748,0.1094034841849148,0.2006942321849148,,Ligue 1,-31.07930576781509,-99.7081497826087,-99.35839439838584,0.6416056016141778,Historical league TV baseline weighted by 2024/25 club attendance,False,True,,201109.34592815227,6837717.761557177,14.0,76582.4389294404,16.0,18.0,147694.70364963505,137223.07092944038,298966.48364963505,-31142776.92907056,-31079305.767815087,-30981033.516350366,-99.5613073180005,-99.35839439838584,-99.04422479651652,0.4386926819994897,0.6416056016141778,0.955775203483488,-31.07930576781509,34.0,,,True,,25178.0,343710.0,20218.0,0.803002621336087,0.7234149134106197,160887.47674252183,5470174.209245742,201109.34592815227,6837717.761557177,241331.21511378273,8205261.313868613,False,Ligue 1 2023/24 historical TV baseline weighted by club 2024/25 average attendance,278000.0,27948.0,2023/24,2024/25
Lens,Lens,293995.552,443288.328,732693.88,,,,205278.9878345499,68.94,68940000.0,648567.3158345498,-99.35699401218451,,,0.4432883279999999,0.2052789878345499,0.6485673158345499,,Ligue 1,-68.29143268416544,-99.35699401218451,-99.05922930688344,0.9407706931165504,Historical league TV baseline weighted by 2024/25 club attendance,False,True,,377351.0805782167,12829936.739659367,14.0,143695.2914841849,16.0,18.0,277126.6335766423,437690.84348418494,1009820.5135766424,-68502309.15651582,-68291432.68416545,-67930179.48642336,-99.36511336889444,-99.05922930688344,-98.53521828607973,0.6348866311055772,0.9407706931165504,1.464781713920282,-68.29143268416544,34.0,,,True,,38223.0,644914.0,37936.0,0.9924914318603982,1.357377987691427,301880.8644625734,10263949.391727494,377351.0805782167,12829936.739659367,452821.29669386,15395924.08759124,False,Ligue 1 2023/24 historical TV baseline weighted by club 2024/25 average attendance,278000.0,27948.0,2023/24,2024/25
Lille,Lille,741718.7359999999,1115878.104,1850996.84,,,,229526.54014598543,47.01,47010000.0,1345404.6441459856,-97.6262963114231,,,1.115878104,0.2295265401459854,1.3454046441459857,,Ligue 1,-45.66459535585401,-97.6262963114231,-97.13804585376306,2.86195414623694,Historical league TV baseline weighted by 2024/25 club attendance,False,True,,421923.78703306144,14345408.759124087,14.0,160668.5781021898,16.0,18.0,309860.82919708034,902387.3141021896,2160857.6691970807,-46107612.68589781,-45664595.35585401,-44849142.33080292,-98.08043540926997,-97.13804585376306,-95.4034084892638,1.919564590730036,2.86195414623694,4.596591510736185,-45.66459535585401,34.0,,,True,,50186.0,721086.0,42417.0,0.8451958713585462,1.517711464147703,337539.02962644916,11476327.007299272,421923.78703306144,14345408.759124087,506308.5444396737,17214490.510948908,False,Ligue 1 2023/24 historical TV baseline weighted by club 2024/25 average attendance,278000.0,27948.0,2023/24,2024/25
Lyon,Lyon,1916903.352,2882071.028,4785542.38,,,,273919.9610705596,41.69,41690000.0,3155990.9890705594,-93.08690086831376,,,2.882071028,0.2739199610705596,3.1559909890705593,,Ligue 1,-38.534009010929445,-93.08690086831376,-92.42986090412435,7.5701390958756525,Historical league TV baseline weighted by 2024/25 club attendance,False,True,,503529.3402032346,17119997.566909976,14.0,191743.97274939172,16.0,18.0,369791.9474452555,2108647.3247493915,5155334.327445256,-39581352.675250605,-38534009.01092944,-36534665.672554746,-94.94207885644184,-92.42986090412435,-87.6341225055283,5.057921143558147,7.5701390958756525,12.36587749447171,-38.534009010929445,34.0,,,True,,59186.0,860555.0,50621.0,0.8552867232115703,1.8112566194360955,402823.4721625876,13695998.05352798,503529.3402032346,17119997.566909976,604235.2082438815,20543997.08029197,False,Ligue 1 2023/24 historical TV baseline weighted by club 2024/25 average attendance,278000.0,27948.0,2023/24,2024/25
Marseille,Marseille,2136547.896,3219951.844,5326239.739999999,,,,344600.95377128955,65.28,65280000.0,3564552.7977712895,-95.06747572916667,,,3.219951844,0.3446009537712896,3.5645527977712894,,Ligue 1,-61.71544720222871,-95.06747572916667,-94.53959436615918,5.460405633840823,Historical league TV baseline weighted by 2024/25 club attendance,False,True,,633457.6356089881,21537559.610705595,14.0,241220.66763990265,16.0,18.0,465211.2875912409,2377768.563639903,5791451.027591241,-62902231.4363601,-61715447.20222871,-59488548.97240876,-96.35758492089477,-94.53959436615918,-91.12829193077322,3.642415079105243,5.460405633840823,8.871708069226777,-61.71544720222871,34.0,,,True,,67394.0,1082609.0,63683.0,0.9449357509570584,2.27862458852154,506766.1084871905,17230047.688564476,633457.6356089881,21537559.610705595,760149.1627307858,25845071.532846715,False,Ligue 1 2023/24 historical TV baseline weighted by club 2024/25 average attendance,278000.0,27948.0,2023/24,2024/25
Monaco,Monaco,2843077.248,4271215.872,7101093.12,,,,50648.75912408759,29.56,29560000.0,4321864.631124088,-85.5506905548038,,,4.271215872000001,0.0506487591240875,4.321864631124088,,Ligue 1,-25.238135368875913,-85.5506905548038,-85.37934833855181,14.6206516614482,Historical league TV baseline weighted by 2024/25 club attendance,False,True,,93104.336625161,3165547.4452554747,14.0,35454.131386861314,16.0,18.0,68375.82481751824,2878531.3793868613,7169468.944817519,-26681468.62061314,-25238135.368875913,-22390531.05518248,-90.26207246486176,-85.37934833855181,-75.74604551820866,9.737927535138232,14.6206516614482,24.253954481791336,-25.238135368875913,34.0,,,True,,18525.0,159117.0,9360.0,0.5052631578947369,0.334907685702018,74483.46930012881,2532437.956204379,93104.336625161,3165547.4452554747,111725.2039501932,3798656.934306569,False,Ligue 1 2023/24 historical TV baseline weighted by club 2024/25 average attendance,278000.0,27948.0,2023/24,2024/25
Montpellier,Montpellier,168636.32799999998,253495.092,421050.22,,,,73002.39416058395,30.820152282714844,30820152.282714844,326497.48616058397,-99.1775021431605,,,0.253495092,0.0730023941605839,0.326497486160584,,Ligue 1,-30.49365479655426,-99.1775021431605,-98.94063636296924,1.0593636370307509,Historical league TV baseline weighted by 2024/25 club attendance,False,True,,134195.57750107342,4562649.635036496,14.0,51101.67591240876,16.0,18.0,98553.2321167883,219738.00391240875,519603.45211678825,-30600414.278802436,-30493654.79655426,-30300548.830598056,-99.2870314140672,-98.94063636296924,-98.3140788943856,0.7129685859328037,1.0593636370307509,1.6859211056144012,-30.49365479655426,34.0,,,True,,22000.0,229347.0,13491.0,0.6132272727272727,0.4827179046801202,107356.46200085874,3650119.708029197,134195.57750107342,4562649.635036496,161034.6930012881,5475179.562043795,False,Ligue 1 2023/24 historical TV baseline weighted by club 2024/25 average attendance,278000.0,27948.0,2023/24,2024/25
Nantes,Nantes,303483.728,456682.492,757252.42,,,,163791.37712895375,35.1,35100000.0,620473.8691289538,-98.69891027920228,,,0.456682492,0.1637913771289537,0.6204738691289537,,Ligue 1,-34.479526130871044,-98.69891027920228,-98.23226817911976,1.7677318208802102,Historical league TV baseline weighted by 2024/25 club attendance,False,True,,301087.0903105768,10236961.07055961,14.0,114653.96399026764,16.0,18.0,221118.3591240876,418137.69199026766,978370.7791240877,-34681862.30800973,-34479526.13087104,-34121629.22087591,-98.80872452424424,-98.23226817911976,-97.21261886289436,1.1912754757557482,1.7677318208802102,2.7873811371056627,-34.479526130871044,34.0,,,True,,35322.0,514565.0,30269.0,0.856944680369175,1.083047087448118,240869.67224846143,8189568.856447688,301087.0903105768,10236961.07055961,361304.50837269216,12284353.284671534,False,Ligue 1 2023/24 historical TV baseline weighted by club 2024/25 average attendance,278000.0,27948.0,2023/24,2024/25
Nice,Nice,478549.008,720721.512,1193474.52,,,,131486.5596107056,39.29,39290000.0,852208.0716107056,-98.16563626368033,,,0.720721512,0.1314865596107056,0.8522080716107056,,Ligue 1,-38.437791928389295,-98.16563626368033,-97.83097971084068,2.1690202891593424,Historical league TV baseline weighted by 2024/25 club attendance,False,True,,241703.23457850295,8217909.9756691,14.0,92040.59172749391,16.0,18.0,177506.85547445255,570589.599727494,1370981.3754744525,-38719410.4002725,-38437791.928389296,-37919018.62452555,-98.54774853721686,-97.83097971084068,-96.51060988680466,1.4522514627831355,2.1690202891593424,3.489390113195349,-38.437791928389295,34.0,,,True,,36178.0,413085.0,24299.0,0.6716512797832938,0.8694360956061257,193362.5876628023,6574327.98053528,241703.23457850295,8217909.9756691,290043.8814942035,9861491.97080292,False,Ligue 1 2023/24 historical TV baseline weighted by club 2024/25 average attendance,278000.0,27948.0,2023/24,2024/25
Paris Saint-Germain,Paris Saint-Germain,28919167.5,43631966.25,72044703.75,,,,257984.0,165.55,165550000.0,43889950.25,-73.64423663545756,,,43.63196625,0.257984,43.88995025,,Ligue 1,-121.66004975,-73.64423663545756,-73.48840214436726,26.51159785563274,Historical league TV baseline weighted by 2024/25 club attendance,False,True,,474235.29411764705,16124000.0,14.0,180588.8,16.0,18.0,348278.39999999997,29099756.3,72392982.15,-136450243.7,-121660049.75,-93157017.85,-82.42237614013892,-73.48840214436726,-56.27122793717909,17.57762385986107,26.51159785563274,43.7287720628209,-121.66004975,34.0,,,True,,48583.0,810491.0,47676.0,0.9813309182224236,1.7058823529411764,379388.2352941177,12899200.0,474235.29411764705,16124000.0,569082.3529411765,19348800.0,False,Ligue 1 2023/24 historical TV baseline weighted by club 2024/25 average attendance,278000.0,27948.0,2023/24,2024/25
Reims,Reims,126908.128,190625.692,317006.82,,,,84620.22384428224,37.8582878112793,37858287.8112793,275245.91584428225,-99.49647566485244,,,0.190625692,0.0846202238442822,0.2752459158442822,,Ligue 1,-37.58304189543501,-99.49647566485244,-99.272957305369,0.7270426946309942,Historical league TV baseline weighted by 2024/25 club attendance,False,True,,155551.88206669528,5288763.99026764,14.0,59234.15669099756,16.0,18.0,114237.30218978102,186142.28469099756,431244.12218978105,-37672145.5265883,-37583041.89543501,-37427043.689089514,-99.50831826938686,-99.272957305369,-98.860899033946,0.4916817306131296,0.7270426946309942,1.1391009660539864,-37.58304189543501,34.0,,,True,,20519.0,265841.0,15638.0,0.7621229104732199,0.5595391441248032,124441.50565335625,4231011.192214112,155551.88206669528,5288763.99026764,186662.25848003436,6346516.788321168,False,Ligue 1 2023/24 historical TV baseline weighted by club 2024/25 average attendance,278000.0,27948.0,2023/24,2024/25
Rennes,Rennes,274964.664,413647.196,686211.46,,,,148131.3868613139,55.41,55410000.0,561778.5828613138,-99.25347916260604,,,0.413647196,0.1481313868613138,0.5617785828613139,,Ligue 1,-54.84822141713869,-99.25347916260604,-98.98614224352768,1.0138577564723223,Historical league TV baseline weighted by 2024/25 club attendance,False,True,,272300.34349506226,9258211.678832116,14.0,103691.9708029197,16.0,18.0,199977.37226277377,378656.6348029197,886188.8322627738,-55031343.36519708,-54848221.41713869,-54523811.16773722,-99.31662762172364,-98.98614224352768,-98.40066985695222,0.6833723782763395,1.0138577564723223,1.599330143047778,-54.84822141713869,34.0,,,True,,29778.0,465370.0,27375.0,0.9193028410235744,0.979497638471447,217840.2747960498,7406569.343065694,272300.34349506226,9258211.678832116,326760.4121940747,11109854.01459854,False,Ligue 1 2023/24 historical TV baseline weighted by club 2024/25 average attendance,278000.0,27948.0,2023/24,2024/25
Saint-Etienne,Saint-Etienne,313416.216,471684.924,781979.94,,,,163255.6690997567,45.74889373779297,45748893.73779297,634940.5930997566,-98.96896977071523,,,0.471684924,0.1632556690997567,0.6349405930997566,,Ligue 1,-45.11395314469321,-98.96896977071523,-98.61211814926308,1.3878818507369388,Historical league TV baseline weighted by 2024/25 club attendance,False,True,,300102.3329039645,10203479.318734791,14.0,114278.9683698297,16.0,18.0,220395.1532846715,427695.1843698297,1002375.0932846714,-45321198.55342314,-45113953.14469321,-44746518.644508295,-99.06512453214468,-98.61211814926308,-97.8089632089691,0.9348754678553296,1.3878818507369388,2.191036791030891,-45.11395314469321,34.0,,,True,,41965.0,512892.0,30170.0,0.718932443703086,1.0795047946185774,240081.8663231716,8162783.454987835,300102.3329039645,10203479.318734791,360122.7994847574,12244175.182481753,False,Ligue 1 2023/24 historical TV baseline weighted by club 2024/25 average attendance,278000.0,27948.0,2023/24,2024/25
Strasbourg,Strasbourg,174198.18399999998,262300.276,434492.46,,,,104858.08272506084,35.66,35660000.0,367158.3587250608,-99.26444117779025,,,0.262300276,0.1048580827250608,0.3671583587250608,,Ligue 1,-35.29284164127494,-99.26444117779025,-98.97039159078784,1.029608409212173,Historical league TV baseline weighted by 2024/25 club attendance,False,True,,192753.82853871473,6553630.170316301,14.0,73400.65790754257,16.0,18.0,141558.41167883208,247598.84190754255,576050.871678832,-35412401.158092454,-35292841.64127494,-35083949.12832117,-99.30566785780272,-98.97039159078784,-98.38460215457422,0.6943321421972589,1.029608409212173,1.6153978454257767,-35.29284164127494,34.0,,,True,,32300.0,329425.0,19378.0,0.599938080495356,0.6933590954630027,154203.0628309718,5242904.13625304,192753.82853871473,6553630.170316301,231304.59424645768,7864356.204379561,False,Ligue 1 2023/24 historical TV baseline weighted by club 2024/25 average attendance,278000.0,27948.0,2023/24,2024/25
Toulouse,Toulouse,186188.488,279972.932,464781.0200000001,,,,142049.2068126521,26.24,26240000.0,422022.1388126521,-98.93302998475608,,,0.2799729319999999,0.1420492068126521,0.4220221388126521,,Ligue 1,-25.817977861187348,-98.93302998475608,-98.39168392220787,1.6083160777921193,Historical league TV baseline weighted by 2024/25 club attendance,False,True,,261119.86546443397,8878075.425790755,14.0,99434.44476885644,16.0,18.0,191766.4291970803,285622.93276885647,656547.4491970803,-25954377.067231145,-25817977.861187343,-25583452.55080292,-98.91149796963089,-98.39168392220787,-97.49791368446236,1.0885020303691175,1.6083160777921193,2.502086315537654,-25.817977861187348,34.0,,,True,,33150.0,446267.0,26251.0,0.7918853695324284,0.9392800915986832,208895.8923715472,7102460.340632604,261119.86546443397,8878075.425790755,313343.83855732076,10653690.510948906,False,Ligue 1 2023/24 historical TV baseline weighted by club 2024/25 average attendance,278000.0,27948.0,2023/24,2024/25
